year_state,State,Yearcode,Country,State.lgd.code,Year,SDP,Gini,StateGini,year_state_GWL,election_margin,party_count,percent_women_elected,population_density,rainfall
2011andhra pradesh,andhra pradesh,2011,India,28,"Calendar Year (Jan - Dec), 2011",191554,0.27,0.27,7.641191333,5,5,7.142857143,308,9
2011arunachal pradesh,arunachal pradesh,2011,India,12,"Calendar Year (Jan - Dec), 2011",4983,0.34,0.306,4.373333333,0,2,0,17,53.9
2011assam,assam,2011,India,18,"Calendar Year (Jan - Dec), 2011",66942,0.26,0.289,2.373125,4,4,14.28571429,397,62.9
2011bihar,bihar,2011,India,10,"Calendar Year (Jan - Dec), 2011",129521,0.2,0.401,4.330463769,16,7,7.5,1102,67.5
2011chhattisgarh,chhattisgarh,2011,India,22,"Calendar Year (Jan - Dec), 2011",NA,0.29,0.342,3.442000933,9,2,9.090909091,189,11.4
2011delhi,delhi,2011,India,7,"Calendar Year (Jan - Dec), 2011",365375,0.22,0.194,7.86525,7,1,14.28571429,11297,0
2011goa,goa,2011,India,30,"Calendar Year (Jan - Dec), 2011",23279,0.23,0.18,5.1025,2,1,0,394,1084.1
2011gujarat,gujarat,2011,India,24,"Calendar Year (Jan - Dec), 2011",336886,NA,0.269,10.01015625,26,1,15.38461538,308,0
2011haryana,haryana,2011,India,6,"Calendar Year (Jan - Dec), 2011",158523,0.3,0.2,12.58079545,5,3,0,573,3
2011himachal pradesh,himachal pradesh,2011,India,2,"Calendar Year (Jan - Dec), 2011",33955,NA,0.2,6.254016184,4,1,0,123,126.4
2011jammu and kashmir,jammu and kashmir,2011,India,1,"Calendar Year (Jan - Dec), 2011",33990,0.17,0.256,5.632,0,2,16.66666667,124,86
2011jharkhand,jharkhand,2011,India,20,"Calendar Year (Jan - Dec), 2011",NA,NA,0.396,5.978229167,10,2,0,414,3.1
2011karnataka,karnataka,2011,India,29,"Calendar Year (Jan - Dec), 2011",80157,NA,0.257,7.825,8,3,3.571428571,319,0
2011kerala,kerala,2011,India,32,"Calendar Year (Jan - Dec), 2011",248040,0.33,0.169,5.635178571,3,6,5,859,717
2011madhya pradesh,madhya pradesh,2011,India,23,"Calendar Year (Jan - Dec), 2011",176915,0.24,0.376,8.010721154,25,2,17.24137931,236,0
2011maharashtra,maharashtra,2011,India,27,"Calendar Year (Jan - Dec), 2011",169600,0.25,0.275,5.477210765,5,5,10.41666667,365,1.4
2011meghalaya,meghalaya,2011,India,17,"Calendar Year (Jan - Dec), 2011",695904,0.18,0.27,2.065555556,0,2,0,132,276.7
2011nagaland,nagaland,2011,India,13,"Calendar Year (Jan - Dec), 2011",6412,0.2,0.274,5.4225,1,1,0,119,0
2011odisha,odisha,2011,India,21,"Calendar Year (Jan - Dec), 2011",NA,0.4,0.36,3.819,19,2,9.523809524,269,13.1
2011punjab,punjab,2011,India,3,"Calendar Year (Jan - Dec), 2011",4405,NA,0.164,11.45673913,1,3,7.692307692,550,87.6
2011rajasthan,rajasthan,2011,India,8,"Calendar Year (Jan - Dec), 2011",9291,0.37,0.34,18.83363636,25,1,4,201,0
2011tamil nadu,tamil nadu,2011,India,33,"Calendar Year (Jan - Dec), 2011",136987,0.28,0.237,4.838092105,36,2,10.25641026,555,30.5
2011tripura,tripura,2011,India,16,"Calendar Year (Jan - Dec), 2011",202749,NA,0.263,1.831666667,2,1,0,350,14.6
2011uttar pradesh,uttar pradesh,2011,India,9,"Calendar Year (Jan - Dec), 2011",4548,0.28,0.363,5.885943729,66,4,16.25,828,0
2011uttarakhand,uttarakhand,2011,India,5,"Calendar Year (Jan - Dec), 2011",NA,0.33,0.254,12.69192308,5,1,20,189,13.3
2011west bengal,west bengal,2011,India,19,"Calendar Year (Jan - Dec), 2011",386508,0.24,0.312,4.588181818,30,4,28.57142857,1029,0
2012andhra pradesh,andhra pradesh,2012,India,28,"Calendar Year (Jan - Dec), 2012",341335,0.33,0.27,9.267035131,5,5,7.142857143,308,0
2012arunachal pradesh,arunachal pradesh,2012,India,12,"Calendar Year (Jan - Dec), 2012",10399,0.3,0.306,5.07,0,2,0,17,459
2012assam,assam,2012,India,18,"Calendar Year (Jan - Dec), 2012",132518,0.21,0.289,2.8290625,4,4,14.28571429,397,223.3
2012bihar,bihar,2012,India,10,"Calendar Year (Jan - Dec), 2012",236933,0.16,0.401,4.503005224,16,7,7.5,1102,46.9
2012chhattisgarh,chhattisgarh,2012,India,22,"Calendar Year (Jan - Dec), 2012",NA,NA,0.342,2.587204968,9,2,9.090909091,189,330.6
2012delhi,delhi,2012,India,7,"Calendar Year (Jan - Dec), 2012",673552,NA,0.194,8.525333333,7,1,14.28571429,11297,191.2
2012goa,goa,2012,India,30,"Calendar Year (Jan - Dec), 2012",32453,0.23,0.18,5.481666667,2,1,0,394,105.5
2012gujarat,gujarat,2012,India,24,"Calendar Year (Jan - Dec), 2012",596659,0.32,0.269,12.28427083,26,1,15.38461538,308,381.4
2012haryana,haryana,2012,India,6,"Calendar Year (Jan - Dec), 2012",289756,NA,0.2,14.81965909,5,3,0,573,5.3
2012himachal pradesh,himachal pradesh,2012,India,2,"Calendar Year (Jan - Dec), 2012",64519,0.26,0.2,6.255707033,4,1,0,123,426.9
2012jammu and kashmir,jammu and kashmir,2012,India,1,"Calendar Year (Jan - Dec), 2012",67316,0.24,0.256,5.108666667,0,2,16.66666667,124,132.1
2012jharkhand,jharkhand,2012,India,20,"Calendar Year (Jan - Dec), 2012",NA,NA,0.396,6.047083333,10,2,0,414,21.3
2012karnataka,karnataka,2012,India,29,"Calendar Year (Jan - Dec), 2012",149526,0.44,0.257,9.355333333,8,3,3.571428571,319,28.9
2012kerala,kerala,2012,India,32,"Calendar Year (Jan - Dec), 2012",593192,0.35,0.169,6.329047619,3,6,5,859,9.1
2012madhya pradesh,madhya pradesh,2012,India,23,"Calendar Year (Jan - Dec), 2012",348616,0.26,0.376,8.458205128,25,2,17.24137931,236,12.7
2012maharashtra,maharashtra,2012,India,27,"Calendar Year (Jan - Dec), 2012",306853,0.27,0.275,6.617403852,5,5,10.41666667,365,7.8
2012meghalaya,meghalaya,2012,India,17,"Calendar Year (Jan - Dec), 2012",1189711,0.19,0.27,2.506666667,0,2,0,132,256.2
2012nagaland,nagaland,2012,India,13,"Calendar Year (Jan - Dec), 2012",11515,0.2,0.274,3.91,1,1,0,119,360
2012odisha,odisha,2012,India,21,"Calendar Year (Jan - Dec), 2012",NA,0.29,0.36,4.386111111,19,2,9.523809524,269,202.3
2012punjab,punjab,2012,India,3,"Calendar Year (Jan - Dec), 2012",6836,0.32,0.164,11.95985507,1,3,7.692307692,550,2
2012rajasthan,rajasthan,2012,India,8,"Calendar Year (Jan - Dec), 2012",11163,0.25,0.34,18.50747475,25,1,4,201,63
2012tamil nadu,tamil nadu,2012,India,33,"Calendar Year (Jan - Dec), 2012",251813,NA,0.237,4.899298246,36,2,10.25641026,555,78.6
2012tripura,tripura,2012,India,16,"Calendar Year (Jan - Dec), 2012",409802,NA,0.263,2.118125,2,1,0,350,48.5
2012uttar pradesh,uttar pradesh,2012,India,9,"Calendar Year (Jan - Dec), 2012",9970,0.23,0.363,6.341468492,66,4,16.25,828,0
2012uttarakhand,uttarakhand,2012,India,5,"Calendar Year (Jan - Dec), 2012",NA,NA,0.254,14.90589744,5,1,20,189,345.7
2012west bengal,west bengal,2012,India,19,"Calendar Year (Jan - Dec), 2012",709343,0.22,0.312,5.041969697,30,4,28.57142857,1029,183.8
2013andhra pradesh,andhra pradesh,2013,India,28,"Calendar Year (Jan - Dec), 2013",360239,0.33,0.27,9.020690723,5,5,7.142857143,308,21.9
2013arunachal pradesh,arunachal pradesh,2013,India,12,"Calendar Year (Jan - Dec), 2013",11226,0.23,0.306,4.38625,0,2,0,17,57
2013assam,assam,2013,India,18,"Calendar Year (Jan - Dec), 2013",138725,0.21,0.289,2.5434375,4,4,14.28571429,397,2
2013bihar,bihar,2013,India,10,"Calendar Year (Jan - Dec), 2013",246915,0.23,0.401,4.307721637,16,7,7.5,1102,1.6
2013chhattisgarh,chhattisgarh,2013,India,22,"Calendar Year (Jan - Dec), 2013",NA,0.27,0.342,2.389551729,9,2,9.090909091,189,169.9
2013delhi,delhi,2013,India,7,"Calendar Year (Jan - Dec), 2013",707469,0.34,0.194,8.91925,7,1,14.28571429,11297,8
2013goa,goa,2013,India,30,"Calendar Year (Jan - Dec), 2013",27971,0.27,0.18,5.08625,2,1,0,394,0
2013gujarat,gujarat,2013,India,24,"Calendar Year (Jan - Dec), 2013",641489,0.22,0.269,11.09320313,26,1,15.38461538,308,7.6
2013haryana,haryana,2013,India,6,"Calendar Year (Jan - Dec), 2013",314931,NA,0.2,13.97852273,5,3,0,573,0
2013himachal pradesh,himachal pradesh,2013,India,2,"Calendar Year (Jan - Dec), 2013",69398,0.32,0.2,6.106155532,4,1,0,123,24.8
2013jammu and kashmir,jammu and kashmir,2013,India,1,"Calendar Year (Jan - Dec), 2013",70536,0.31,0.256,5.4215,0,2,16.66666667,124,487.6
2013jharkhand,jharkhand,2013,India,20,"Calendar Year (Jan - Dec), 2013",NA,0.21,0.396,5.404479167,10,2,0,414,101.5
2013karnataka,karnataka,2013,India,29,"Calendar Year (Jan - Dec), 2013",150609,NA,0.257,9.854583333,8,3,3.571428571,319,95.4
2013kerala,kerala,2013,India,32,"Calendar Year (Jan - Dec), 2013",646787,0.4,0.169,6.198571429,3,6,5,859,28.2
2013madhya pradesh,madhya pradesh,2013,India,23,"Calendar Year (Jan - Dec), 2013",364707,0.25,0.376,6.968990385,25,2,17.24137931,236,0
2013maharashtra,maharashtra,2013,India,27,"Calendar Year (Jan - Dec), 2013",322598,0.25,0.275,5.989473652,5,5,10.41666667,365,590.5
2013meghalaya,meghalaya,2013,India,17,"Calendar Year (Jan - Dec), 2013",1267551,0.19,0.27,2.04,0,2,0,132,127
2013nagaland,nagaland,2013,India,13,"Calendar Year (Jan - Dec), 2013",12519,0.2,0.274,5.5525,1,1,0,119,33.5
2013odisha,odisha,2013,India,21,"Calendar Year (Jan - Dec), 2013",NA,0.19,0.36,3.67325,19,2,9.523809524,269,0
2013punjab,punjab,2013,India,3,"Calendar Year (Jan - Dec), 2013",7831,0.26,0.164,13.40684783,1,3,7.692307692,550,6
2013rajasthan,rajasthan,2013,India,8,"Calendar Year (Jan - Dec), 2013",11923,0.39,0.34,18.30871212,25,1,4,201,302
2013tamil nadu,tamil nadu,2013,India,33,"Calendar Year (Jan - Dec), 2013",267515,NA,0.237,9.331184211,36,2,10.25641026,555,55.3
2013tripura,tripura,2013,India,16,"Calendar Year (Jan - Dec), 2013",434292,NA,0.263,2.085,2,1,0,350,176.8
2013uttar pradesh,uttar pradesh,2013,India,9,"Calendar Year (Jan - Dec), 2013",10590,0.25,0.363,5.957249824,66,4,16.25,828,46
2013uttarakhand,uttarakhand,2013,India,5,"Calendar Year (Jan - Dec), 2013",NA,NA,0.254,14.34865385,5,1,20,189,15
2013west bengal,west bengal,2013,India,19,"Calendar Year (Jan - Dec), 2013",750416,0.25,0.312,4.853863636,30,4,28.57142857,1029,93.7
2014andhra pradesh,andhra pradesh,2014,India,28,"Calendar Year (Jan - Dec), 2014",397064,0.33,0.27,9.986007745,5,5,7.142857143,308,3.8
2014arunachal pradesh,arunachal pradesh,2014,India,12,"Calendar Year (Jan - Dec), 2014",13082,0.34,0.306,5.113333333,0,2,0,17,109.2
2014assam,assam,2014,India,18,"Calendar Year (Jan - Dec), 2014",146425,0.27,0.289,2.416171875,4,4,14.28571429,397,52.8
2014bihar,bihar,2014,India,10,"Calendar Year (Jan - Dec), 2014",255739,0.21,0.401,3.867821036,16,7,7.5,1102,131.4
2014chhattisgarh,chhattisgarh,2014,India,22,"Calendar Year (Jan - Dec), 2014",NA,0.29,0.342,2.598920979,9,2,9.090909091,189,1
2014delhi,delhi,2014,India,7,"Calendar Year (Jan - Dec), 2014",729686,0.34,0.194,9.17425,7,1,14.28571429,11297,17.5
2014goa,goa,2014,India,30,"Calendar Year (Jan - Dec), 2014",36042,0.23,0.18,5.18125,2,1,0,394,295
2014gujarat,gujarat,2014,India,24,"Calendar Year (Jan - Dec), 2014",705629,NA,0.269,11.68484375,26,1,15.38461538,308,9.1
2014haryana,haryana,2014,India,6,"Calendar Year (Jan - Dec), 2014",333359,0.28,0.2,13.75079545,5,3,0,573,124.5
2014himachal pradesh,himachal pradesh,2014,India,2,"Calendar Year (Jan - Dec), 2014",74553,0.3,0.2,5.923404534,4,1,0,123,89.5
2014jammu and kashmir,jammu and kashmir,2014,India,1,"Calendar Year (Jan - Dec), 2014",67154,0.24,0.256,5.1505,0,2,16.66666667,124,46
2014jharkhand,jharkhand,2014,India,20,"Calendar Year (Jan - Dec), 2014",NA,0.21,0.396,5.0990625,10,2,0,414,158.7
2014karnataka,karnataka,2014,India,29,"Calendar Year (Jan - Dec), 2014",170568,NA,0.257,8.752833333,8,3,3.571428571,319,60.5
2014kerala,kerala,2014,India,32,"Calendar Year (Jan - Dec), 2014",671283,0.32,0.169,5.87125,3,6,5,859,94.8
2014madhya pradesh,madhya pradesh,2014,India,23,"Calendar Year (Jan - Dec), 2014",382134,0.26,0.376,7.321586538,25,2,17.24137931,236,1.7
2014maharashtra,maharashtra,2014,India,27,"Calendar Year (Jan - Dec), 2014",339247,0.27,0.275,6.008437161,5,5,10.41666667,365,70.5
2014meghalaya,meghalaya,2014,India,17,"Calendar Year (Jan - Dec), 2014",1345341,0.18,0.27,2.327777778,0,2,0,132,41.8
2014nagaland,nagaland,2014,India,13,"Calendar Year (Jan - Dec), 2014",13615,0.21,0.274,6.1625,1,1,0,119,125.1
2014odisha,odisha,2014,India,21,"Calendar Year (Jan - Dec), 2014",NA,0.24,0.36,3.266083333,19,2,9.523809524,269,9.7
2014punjab,punjab,2014,India,3,"Calendar Year (Jan - Dec), 2014",9960,NA,0.164,13.55282609,1,3,7.692307692,550,0
2014rajasthan,rajasthan,2014,India,8,"Calendar Year (Jan - Dec), 2014",12406,0.24,0.34,18.53977273,25,1,4,201,3.1
2014tamil nadu,tamil nadu,2014,India,33,"Calendar Year (Jan - Dec), 2014",278485,0.27,0.237,10.29495614,36,2,10.25641026,555,213.9
2014tripura,tripura,2014,India,16,"Calendar Year (Jan - Dec), 2014",465408,0.17,0.263,2.556875,2,1,0,350,6.1
2014uttar pradesh,uttar pradesh,2014,India,9,"Calendar Year (Jan - Dec), 2014",11437,0.25,0.363,6.32039286,66,4,16.25,828,7
2014uttarakhand,uttarakhand,2014,India,5,"Calendar Year (Jan - Dec), 2014",NA,0.25,0.254,12.07788462,5,1,20,189,67.6
2014west bengal,west bengal,2014,India,19,"Calendar Year (Jan - Dec), 2014",791915,NA,0.312,5.031136364,30,4,28.57142857,1029,30.7
2015andhra pradesh,andhra pradesh,2015,India,28,"Calendar Year (Jan - Dec), 2015",446997,NA,0.27,11.66910734,5,5,7.142857143,308,142.4
2015arunachal pradesh,arunachal pradesh,2015,India,12,"Calendar Year (Jan - Dec), 2015",12889,0.3,0.306,4.364375,0,2,0,17,11.8
2015assam,assam,2015,India,18,"Calendar Year (Jan - Dec), 2015",167629,NA,0.289,2.363046875,4,4,14.28571429,397,158.3
2015bihar,bihar,2015,India,10,"Calendar Year (Jan - Dec), 2015",269200,0.27,0.401,4.231762718,16,7,7.5,1102,521.2
2015chhattisgarh,chhattisgarh,2015,India,22,"Calendar Year (Jan - Dec), 2015",NA,0.32,0.342,3.087481215,9,2,9.090909091,189,149.8
2015delhi,delhi,2015,India,7,"Calendar Year (Jan - Dec), 2015",792049,0.36,0.194,9.25425,7,1,14.28571429,11297,26.2
2015goa,goa,2015,India,30,"Calendar Year (Jan - Dec), 2015",41929,0.23,0.18,4.95125,2,1,0,394,36.8
2015gujarat,gujarat,2015,India,24,"Calendar Year (Jan - Dec), 2015",774775,NA,0.269,11.745,26,1,15.38461538,308,7
2015haryana,haryana,2015,India,6,"Calendar Year (Jan - Dec), 2015",372700,0.25,0.2,13.61772727,5,3,0,573,2.3
2015himachal pradesh,himachal pradesh,2015,India,2,"Calendar Year (Jan - Dec), 2015",80563,NA,0.2,6.039555965,4,1,0,123,223.4
2015jammu and kashmir,jammu and kashmir,2015,India,1,"Calendar Year (Jan - Dec), 2015",80602,0.21,0.256,4.8985,0,2,16.66666667,124,58.8
2015jharkhand,jharkhand,2015,India,20,"Calendar Year (Jan - Dec), 2015",NA,0.34,0.396,5.175729167,10,2,0,414,0.7
2015karnataka,karnataka,2015,India,29,"Calendar Year (Jan - Dec), 2015",158231,NA,0.257,8.397666667,8,3,3.571428571,319,129
2015kerala,kerala,2015,India,32,"Calendar Year (Jan - Dec), 2015",749952,0.31,0.169,5.869642857,3,6,5,859,2
2015madhya pradesh,madhya pradesh,2015,India,23,"Calendar Year (Jan - Dec), 2015",411150,0.25,0.376,7.963990385,25,2,17.24137931,236,4.5
2015maharashtra,maharashtra,2015,India,27,"Calendar Year (Jan - Dec), 2015",370716,0.37,0.275,6.744729049,5,5,10.41666667,365,20.6
2015meghalaya,meghalaya,2015,India,17,"Calendar Year (Jan - Dec), 2015",1452513,0.18,0.27,2.244166667,0,2,0,132,39.5
2015nagaland,nagaland,2015,India,13,"Calendar Year (Jan - Dec), 2015",14635,0.21,0.274,4.0171875,1,1,0,119,48.3
2015odisha,odisha,2015,India,21,"Calendar Year (Jan - Dec), 2015",NA,0.31,0.36,3.615083333,19,2,9.523809524,269,87.6
2015punjab,punjab,2015,India,3,"Calendar Year (Jan - Dec), 2015",10948,NA,0.164,14.03184783,1,3,7.692307692,550,73.9
2015rajasthan,rajasthan,2015,India,8,"Calendar Year (Jan - Dec), 2015",12600,0.32,0.34,18.75007576,25,1,4,201,0
2015tamil nadu,tamil nadu,2015,India,33,"Calendar Year (Jan - Dec), 2015",294895,0.3,0.237,8.131008772,36,2,10.25641026,555,51.4
2015tripura,tripura,2015,India,16,"Calendar Year (Jan - Dec), 2015",501922,NA,0.263,1.9003125,2,1,0,350,463.4
2015uttar pradesh,uttar pradesh,2015,India,9,"Calendar Year (Jan - Dec), 2015",12484,NA,0.363,6.678816652,66,4,16.25,828,18.9
2015uttarakhand,uttarakhand,2015,India,5,"Calendar Year (Jan - Dec), 2015",NA,0.48,0.254,11.77288462,5,1,20,189,37.8
2015west bengal,west bengal,2015,India,19,"Calendar Year (Jan - Dec), 2015",862437,0.24,0.312,5.174772727,30,4,28.57142857,1029,178.6
2016andhra pradesh,andhra pradesh,2016,India,28,"Calendar Year (Jan - Dec), 2016",477566,0.26,0.27,11.11194922,5,5,7.142857143,308,0
2016arunachal pradesh,arunachal pradesh,2016,India,12,"Calendar Year (Jan - Dec), 2016",13396,0.37,0.306,4.406875,0,2,0,17,88
2016assam,assam,2016,India,18,"Calendar Year (Jan - Dec), 2016",179632,NA,0.289,2.657109375,4,4,14.28571429,397,135.8
2016bihar,bihar,2016,India,10,"Calendar Year (Jan - Dec), 2016",289265,0.18,0.401,4.331332849,16,7,7.5,1102,0
2016chhattisgarh,chhattisgarh,2016,India,22,"Calendar Year (Jan - Dec), 2016",NA,0.32,0.342,3.182901286,9,2,9.090909091,189,432.6
2016delhi,delhi,2016,India,7,"Calendar Year (Jan - Dec), 2016",888453,NA,0.194,8.9445,7,1,14.28571429,11297,15.5
2016goa,goa,2016,India,30,"Calendar Year (Jan - Dec), 2016",46371,0.27,0.18,4.7525,2,1,0,394,263.6
2016gujarat,gujarat,2016,India,24,"Calendar Year (Jan - Dec), 2016",843930,0.22,0.269,11.34171875,26,1,15.38461538,308,315.1
2016haryana,haryana,2016,India,6,"Calendar Year (Jan - Dec), 2016",412055,0.28,0.2,14.96602273,5,3,0,573,0
2016himachal pradesh,himachal pradesh,2016,India,2,"Calendar Year (Jan - Dec), 2016",88112,0.27,0.2,6.980095845,4,1,0,123,37.9
2016jammu and kashmir,jammu and kashmir,2016,India,1,"Calendar Year (Jan - Dec), 2016",82636,0.21,0.256,4.9465,0,2,16.66666667,124,0
2016jharkhand,jharkhand,2016,India,20,"Calendar Year (Jan - Dec), 2016",NA,0.23,0.396,5.325104167,10,2,0,414,0
2016karnataka,karnataka,2016,India,29,"Calendar Year (Jan - Dec), 2016",176363,0.44,0.257,8.205,8,3,3.571428571,319,154.1
2016kerala,kerala,2016,India,32,"Calendar Year (Jan - Dec), 2016",851394,0.4,0.169,6.248035714,3,6,5,859,224.1
2016madhya pradesh,madhya pradesh,2016,India,23,"Calendar Year (Jan - Dec), 2016",443615,0.26,0.376,7.805192308,25,2,17.24137931,236,16.3
2016maharashtra,maharashtra,2016,India,27,"Calendar Year (Jan - Dec), 2016",419465,0.25,0.275,6.838338621,5,5,10.41666667,365,11
2016meghalaya,meghalaya,2016,India,17,"Calendar Year (Jan - Dec), 2016",1596121,0.19,0.27,2.07,0,2,0,132,644.4
2016nagaland,nagaland,2016,India,13,"Calendar Year (Jan - Dec), 2016",15201,0.23,0.274,4.215833333,1,1,0,119,23.3
2016odisha,odisha,2016,India,21,"Calendar Year (Jan - Dec), 2016",NA,0.22,0.36,3.794583333,19,2,9.523809524,269,0.8
2016punjab,punjab,2016,India,3,"Calendar Year (Jan - Dec), 2016",12029,0.33,0.164,14.8576087,1,3,7.692307692,550,0
2016rajasthan,rajasthan,2016,India,8,"Calendar Year (Jan - Dec), 2016",13488,0.24,0.34,20.49060606,25,1,4,201,30.9
2016tamil nadu,tamil nadu,2016,India,33,"Calendar Year (Jan - Dec), 2016",315783,0.39,0.237,8.37375,36,2,10.25641026,555,0
2016tripura,tripura,2016,India,16,"Calendar Year (Jan - Dec), 2016",529650,NA,0.263,1.8703125,2,1,0,350,101.5
2016uttar pradesh,uttar pradesh,2016,India,9,"Calendar Year (Jan - Dec), 2016",13416,0.22,0.363,7.236489158,66,4,16.25,828,280.9
2016uttarakhand,uttarakhand,2016,India,5,"Calendar Year (Jan - Dec), 2016",NA,0.25,0.254,11.87666667,5,1,20,189,325.8
2016west bengal,west bengal,2016,India,19,"Calendar Year (Jan - Dec), 2016",922084,NA,0.312,5.148636364,30,4,28.57142857,1029,433
2017andhra pradesh,andhra pradesh,2017,India,28,"Calendar Year (Jan - Dec), 2017",526626,0.24,0.27,12.00220954,5,5,7.142857143,308,31.3
2017arunachal pradesh,arunachal pradesh,2017,India,12,"Calendar Year (Jan - Dec), 2017",13923,0.37,0.306,4.69375,0,2,0,17,12.2
2017assam,assam,2017,India,18,"Calendar Year (Jan - Dec), 2017",195262,0.27,0.289,2.671875,4,4,14.28571429,397,424.5
2017bihar,bihar,2017,India,10,"Calendar Year (Jan - Dec), 2017",312605,0.21,0.401,4.005679638,16,7,7.5,1102,0
2017chhattisgarh,chhattisgarh,2017,India,22,"Calendar Year (Jan - Dec), 2017",NA,0.2,0.342,3.536618543,9,2,9.090909091,189,0
2017delhi,delhi,2017,India,7,"Calendar Year (Jan - Dec), 2017",922458,0.34,0.194,9.95175,7,1,14.28571429,11297,155.5
2017goa,goa,2017,India,30,"Calendar Year (Jan - Dec), 2017",47077,0.23,0.18,4.28625,2,1,0,394,887.1
2017gujarat,gujarat,2017,India,24,"Calendar Year (Jan - Dec), 2017",946511,NA,0.269,11.48289063,26,1,15.38461538,308,4.6
2017haryana,haryana,2017,India,6,"Calendar Year (Jan - Dec), 2017",434407,NA,0.2,14.05027273,5,3,0,573,14.3
2017himachal pradesh,himachal pradesh,2017,India,2,"Calendar Year (Jan - Dec), 2017",93525,0.32,0.2,6.733694328,4,1,0,123,163.2
2017jammu and kashmir,jammu and kashmir,2017,India,1,"Calendar Year (Jan - Dec), 2017",87591,0.17,0.256,5.1575,0,2,16.66666667,124,97.3
2017jharkhand,jharkhand,2017,India,20,"Calendar Year (Jan - Dec), 2017",NA,0.23,0.396,5.272916667,10,2,0,414,14.1
2017karnataka,karnataka,2017,India,29,"Calendar Year (Jan - Dec), 2017",191573,0.23,0.257,9.319083333,8,3,3.571428571,319,235.4
2017kerala,kerala,2017,India,32,"Calendar Year (Jan - Dec), 2017",915642,0.32,0.169,6.2275,3,6,5,859,472.7
2017madhya pradesh,madhya pradesh,2017,India,23,"Calendar Year (Jan - Dec), 2017",473182,0.24,0.376,8.323557692,25,2,17.24137931,236,6
2017maharashtra,maharashtra,2017,India,27,"Calendar Year (Jan - Dec), 2017",441956,0.25,0.275,6.428690679,5,5,10.41666667,365,0
2017meghalaya,meghalaya,2017,India,17,"Calendar Year (Jan - Dec), 2017",1661065,0.19,0.27,2.000833333,0,2,0,132,1612
2017odisha,odisha,2017,India,21,"Calendar Year (Jan - Dec), 2017",NA,0.21,0.36,3.712166667,19,2,9.523809524,269,8.4
2017punjab,punjab,2017,India,3,"Calendar Year (Jan - Dec), 2017",13779,0.31,0.164,15.47721739,1,3,7.692307692,550,14.7
2017rajasthan,rajasthan,2017,India,8,"Calendar Year (Jan - Dec), 2017",14178,0.22,0.34,18.95332492,25,1,4,201,45.1
2017tamil nadu,tamil nadu,2017,India,33,"Calendar Year (Jan - Dec), 2017",335057,0.24,0.237,8.039013158,36,2,10.25641026,555,19.7
2017tripura,tripura,2017,India,16,"Calendar Year (Jan - Dec), 2017",557618,NA,0.263,1.4853125,2,1,0,350,0
2017uttar pradesh,uttar pradesh,2017,India,9,"Calendar Year (Jan - Dec), 2017",15204,0.21,0.363,9.313485833,66,4,16.25,828,29
2017uttarakhand,uttarakhand,2017,India,5,"Calendar Year (Jan - Dec), 2017",NA,NA,0.254,11.75346154,5,1,20,189,0
2017west bengal,west bengal,2017,India,19,"Calendar Year (Jan - Dec), 2017",1000308,NA,0.312,4.840568182,30,4,28.57142857,1029,160.8
2018andhra pradesh,andhra pradesh,2018,India,28,"Calendar Year (Jan - Dec), 2018",558862,0.33,0.27,11.96304198,5,5,7.142857143,308,101.4
2018arunachal pradesh,arunachal pradesh,2018,India,12,"Calendar Year (Jan - Dec), 2018",14897,0.3,0.306,5.5675,0,2,0,17,203
2018assam,assam,2018,India,18,"Calendar Year (Jan - Dec), 2018",204627,0.19,0.289,2.5883125,4,4,14.28571429,397,17.2
2018bihar,bihar,2018,India,10,"Calendar Year (Jan - Dec), 2018",345545,0.25,0.401,4.517702813,16,7,7.5,1102,11
2018chhattisgarh,chhattisgarh,2018,India,22,"Calendar Year (Jan - Dec), 2018",NA,0.24,0.342,3.626742303,9,2,9.090909091,189,0
2018delhi,delhi,2018,India,7,"Calendar Year (Jan - Dec), 2018",949184,0.34,0.194,9.7088,7,1,14.28571429,11297,7
2018goa,goa,2018,India,30,"Calendar Year (Jan - Dec), 2018",47425,0.23,0.18,4.76625,2,1,0,394,0
2018gujarat,gujarat,2018,India,24,"Calendar Year (Jan - Dec), 2018",1034399,0.25,0.269,11.99697917,26,1,15.38461538,308,97
2018haryana,haryana,2018,India,6,"Calendar Year (Jan - Dec), 2018",470328,0.25,0.2,16.65818182,5,3,0,573,116
2018himachal pradesh,himachal pradesh,2018,India,2,"Calendar Year (Jan - Dec), 2018",99218,0.33,0.2,6.491459213,4,1,0,123,305.9
2018jammu and kashmir,jammu and kashmir,2018,India,1,"Calendar Year (Jan - Dec), 2018",93072,0.21,0.256,5.5205,0,2,16.66666667,124,123.3
2018jharkhand,jharkhand,2018,India,20,"Calendar Year (Jan - Dec), 2018",NA,0.24,0.396,5.630555556,10,2,0,414,395
2018karnataka,karnataka,2018,India,29,"Calendar Year (Jan - Dec), 2018",208701,0.23,0.257,8.661166667,8,3,3.571428571,319,0
2018kerala,kerala,2018,India,32,"Calendar Year (Jan - Dec), 2018",974815,0.31,0.169,6.092571429,3,6,5,859,78.6
2018madhya pradesh,madhya pradesh,2018,India,23,"Calendar Year (Jan - Dec), 2018",510787,0.23,0.376,7.870160256,25,2,17.24137931,236,0
2018maharashtra,maharashtra,2018,India,27,"Calendar Year (Jan - Dec), 2018",482361,0.25,0.275,6.28992266,5,5,10.41666667,365,0
2018meghalaya,meghalaya,2018,India,17,"Calendar Year (Jan - Dec), 2018",1728578,0.18,0.27,2.115,0,2,0,132,532.2
2018odisha,odisha,2018,India,21,"Calendar Year (Jan - Dec), 2018",NA,0.3,0.36,3.897916667,19,2,9.523809524,269,97.6
2018punjab,punjab,2018,India,3,"Calendar Year (Jan - Dec), 2018",14116,0.32,0.164,16.27878261,1,3,7.692307692,550,3.2
2018rajasthan,rajasthan,2018,India,8,"Calendar Year (Jan - Dec), 2018",15055,0.23,0.34,19.86609091,25,1,4,201,0
2018tamil nadu,tamil nadu,2018,India,33,"Calendar Year (Jan - Dec), 2018",353942,0.25,0.237,8.720482456,36,2,10.25641026,555,92.1
2018tripura,tripura,2018,India,16,"Calendar Year (Jan - Dec), 2018",568102,0.24,0.263,1.7915625,2,1,0,350,94.5
2018uttar pradesh,uttar pradesh,2018,India,9,"Calendar Year (Jan - Dec), 2018",15889,0.27,0.363,10.56197706,66,4,16.25,828,345.3
2018uttarakhand,uttarakhand,2018,India,5,"Calendar Year (Jan - Dec), 2018",NA,0.27,0.254,14.72346154,5,1,20,189,5.7
2018west bengal,west bengal,2018,India,19,"Calendar Year (Jan - Dec), 2018",1071602,NA,0.312,4.755,30,4,28.57142857,1029,22.9
2019andhra pradesh,andhra pradesh,2019,India,28,"Calendar Year (Jan - Dec), 2019",595658,0.28,0.27,11.19880303,5,5,7.142857143,308,202.7
2019arunachal pradesh,arunachal pradesh,2019,India,12,"Calendar Year (Jan - Dec), 2019",17091,0.3,0.306,4.630833333,0,2,0,17,226.9
2019assam,assam,2019,India,18,"Calendar Year (Jan - Dec), 2019",212315,NA,0.289,2.506796875,4,4,14.28571429,397,645.4
2019bihar,bihar,2019,India,10,"Calendar Year (Jan - Dec), 2019",359196,0.24,0.401,4.99990887,16,7,7.5,1102,641.9
2019chhattisgarh,chhattisgarh,2019,India,22,"Calendar Year (Jan - Dec), 2019",NA,NA,0.342,3.104809388,9,2,9.090909091,189,6.2
2019delhi,delhi,2019,India,7,"Calendar Year (Jan - Dec), 2019",980106,0.34,0.194,9.42525,7,1,14.28571429,11297,214.6
2019goa,goa,2019,India,30,"Calendar Year (Jan - Dec), 2019",48509,0.27,0.18,4.66625,2,1,0,394,533
2019gujarat,gujarat,2019,India,24,"Calendar Year (Jan - Dec), 2019",1110179,0.33,0.269,11.70421875,26,1,15.38461538,308,235.9
2019haryana,haryana,2019,India,6,"Calendar Year (Jan - Dec), 2019",507776,0.28,0.2,16.19257576,5,3,0,573,24.1
2019himachal pradesh,himachal pradesh,2019,India,2,"Calendar Year (Jan - Dec), 2019",102613,0.24,0.2,6.99734244,4,1,0,123,105.6
2019jammu and kashmir,jammu and kashmir,2019,India,1,"Calendar Year (Jan - Dec), 2019",90791,0.21,0.256,4.7085,0,2,16.66666667,124,262.6
2019jharkhand,jharkhand,2019,India,20,"Calendar Year (Jan - Dec), 2019",NA,NA,0.396,5.4778125,10,2,0,414,62.3
2019karnataka,karnataka,2019,India,29,"Calendar Year (Jan - Dec), 2019",209913,0.26,0.257,8.610666667,8,3,3.571428571,319,94.2
2019kerala,kerala,2019,India,32,"Calendar Year (Jan - Dec), 2019",1030357,0.42,0.169,5.254761905,3,6,5,859,68.2
2019madhya pradesh,madhya pradesh,2019,India,23,"Calendar Year (Jan - Dec), 2019",521455,0.34,0.376,5.764945055,25,2,17.24137931,236,29
2019maharashtra,maharashtra,2019,India,27,"Calendar Year (Jan - Dec), 2019",508146,NA,0.275,7.081384655,5,5,10.41666667,365,503.1
2019meghalaya,meghalaya,2019,India,17,"Calendar Year (Jan - Dec), 2019",1782903,0.19,0.27,2.225,0,2,0,132,850.6
2019odisha,odisha,2019,India,21,"Calendar Year (Jan - Dec), 2019",NA,0.21,0.36,3.222666667,19,2,9.523809524,269,2.5
2019punjab,punjab,2019,India,3,"Calendar Year (Jan - Dec), 2019",13050,0.31,0.164,15.71231884,1,3,7.692307692,550,3.1
2019rajasthan,rajasthan,2019,India,8,"Calendar Year (Jan - Dec), 2019",15853,0.24,0.34,19.84229167,25,1,4,201,0
2019tamil nadu,tamil nadu,2019,India,33,"Calendar Year (Jan - Dec), 2019",367558,NA,0.237,9.644210526,36,2,10.25641026,555,1.5
2019tripura,tripura,2019,India,16,"Calendar Year (Jan - Dec), 2019",598550,0.24,0.263,2.3925,2,1,0,350,0.8
2019uttar pradesh,uttar pradesh,2019,India,9,"Calendar Year (Jan - Dec), 2019",16588,0.26,0.363,17.80358047,66,4,16.25,828,120
2019uttarakhand,uttarakhand,2019,India,5,"Calendar Year (Jan - Dec), 2019",NA,0.33,0.254,18.04576923,5,1,20,189,113.2
2019west bengal,west bengal,2019,India,19,"Calendar Year (Jan - Dec), 2019",1099402,0.22,0.312,5.678409091,30,4,28.57142857,1029,0
2020andhra pradesh,andhra pradesh,2020,India,28,"Calendar Year (Jan - Dec), 2020",593869,0.26,0.27,10.6440694,5,5,7.142857143,308,146.2
2020arunachal pradesh,arunachal pradesh,2020,India,12,"Calendar Year (Jan - Dec), 2020",16588,0.37,0.306,5.9225,0,2,0,17,56.2
2020assam,assam,2020,India,18,"Calendar Year (Jan - Dec), 2020",199646,0.21,0.289,2.06375,4,4,14.28571429,397,125
2020bihar,bihar,2020,India,10,"Calendar Year (Jan - Dec), 2020",344183,0.23,0.401,3.652066508,16,7,7.5,1102,0
2020chhattisgarh,chhattisgarh,2020,India,22,"Calendar Year (Jan - Dec), 2020",NA,0.24,0.342,3.21656478,9,2,9.090909091,189,0
2020delhi,delhi,2020,India,7,"Calendar Year (Jan - Dec), 2020",910011,0.34,0.194,9.112333333,7,1,14.28571429,11297,256.3
2020goa,goa,2020,India,30,"Calendar Year (Jan - Dec), 2020",46421,0.27,0.18,5.005,2,1,0,394,0
2020gujarat,gujarat,2020,India,24,"Calendar Year (Jan - Dec), 2020",1099259,0.19,0.269,9.730104167,26,1,15.38461538,308,1
2020haryana,haryana,2020,India,6,"Calendar Year (Jan - Dec), 2020",480471,0.3,0.2,17.77181818,5,3,0,573,52.8
2020himachal pradesh,himachal pradesh,2020,India,2,"Calendar Year (Jan - Dec), 2020",98132,0.26,0.2,6.757943283,4,1,0,123,200
2020jammu and kashmir,jammu and kashmir,2020,India,1,"Calendar Year (Jan - Dec), 2020",87102,0.24,0.256,4.231333333,0,2,16.66666667,124,0
2020jharkhand,jharkhand,2020,India,20,"Calendar Year (Jan - Dec), 2020",NA,0.24,0.396,3.679583333,10,2,0,414,13.6
2020karnataka,karnataka,2020,India,29,"Calendar Year (Jan - Dec), 2020",196467,0.34,0.257,5.801777778,8,3,3.571428571,319,0
2020kerala,kerala,2020,India,32,"Calendar Year (Jan - Dec), 2020",1026875,0.36,0.169,5.918452381,3,6,5,859,577
2020madhya pradesh,madhya pradesh,2020,India,23,"Calendar Year (Jan - Dec), 2020",472272,0.26,0.376,5.877628205,25,2,17.24137931,236,238.2
2020maharashtra,maharashtra,2020,India,27,"Calendar Year (Jan - Dec), 2020",490238,0.27,0.275,4.388423029,5,5,10.41666667,365,41.6
2020meghalaya,meghalaya,2020,India,17,"Calendar Year (Jan - Dec), 2020",1653094,0.25,0.27,2.258333333,0,2,0,132,14.9
2020odisha,odisha,2020,India,21,"Calendar Year (Jan - Dec), 2020",NA,0.27,0.36,2.727111111,19,2,9.523809524,269,556.5
2020punjab,punjab,2020,India,3,"Calendar Year (Jan - Dec), 2020",11781,0.31,0.164,18.44246377,1,3,7.692307692,550,62
2020rajasthan,rajasthan,2020,India,8,"Calendar Year (Jan - Dec), 2020",15200,0.28,0.34,18.91317172,25,1,4,201,65.5
2020tamil nadu,tamil nadu,2020,India,33,"Calendar Year (Jan - Dec), 2020",352357,NA,0.237,5.948508772,36,2,10.25641026,555,50.6
2020tripura,tripura,2020,India,16,"Calendar Year (Jan - Dec), 2020",583645,0.24,0.263,2.62375,2,1,0,350,16
2020uttar pradesh,uttar pradesh,2020,India,9,"Calendar Year (Jan - Dec), 2020",16147,0.25,0.363,15.22306511,66,4,16.25,828,5
2020uttarakhand,uttarakhand,2020,India,5,"Calendar Year (Jan - Dec), 2020",NA,0.48,0.254,13.68589744,5,1,20,189,80.5
2020west bengal,west bengal,2020,India,19,"Calendar Year (Jan - Dec), 2020",1094471,0.22,0.312,4.482121212,30,4,28.57142857,1029,376.6
2021andhra pradesh,andhra pradesh,2021,India,28,"Calendar Year (Jan - Dec), 2021",661432,0.28,0.27,8.077979235,5,5,7.142857143,308,146.2
2021arunachal pradesh,arunachal pradesh,2021,India,12,"Calendar Year (Jan - Dec), 2021",NA,0.3,0.306,5.33,0,2,0,17,56.2
2021assam,assam,2021,India,18,"Calendar Year (Jan - Dec), 2021",NA,0.27,0.289,2.8615625,4,4,14.28571429,397,125
2021bihar,bihar,2021,India,10,"Calendar Year (Jan - Dec), 2021",382274,NA,0.401,4.129465733,16,7,7.5,1102,0
2021chhattisgarh,chhattisgarh,2021,India,22,"Calendar Year (Jan - Dec), 2021",NA,0.27,0.342,4.228989498,9,2,9.090909091,189,0
2021delhi,delhi,2021,India,7,"Calendar Year (Jan - Dec), 2021",948839,0.34,0.194,8.505,7,1,14.28571429,11297,256.3
2021goa,goa,2021,India,30,"Calendar Year (Jan - Dec), 2021",NA,0.27,0.18,5.39,2,1,0,394,0
2021gujarat,gujarat,2021,India,24,"Calendar Year (Jan - Dec), 2021",NA,NA,0.269,10.82,26,1,15.38461538,308,1
2021haryana,haryana,2021,India,6,"Calendar Year (Jan - Dec), 2021",527733,NA,0.2,16.81363636,5,3,0,573,52.8
2021himachal pradesh,himachal pradesh,2021,India,2,"Calendar Year (Jan - Dec), 2021",106004,0.33,0.2,8.096907185,4,1,0,123,200
2021jammu and kashmir,jammu and kashmir,2021,India,1,"Calendar Year (Jan - Dec), 2021",97335,0.24,0.256,4.55,0,2,16.66666667,124,0
2021jharkhand,jharkhand,2021,India,20,"Calendar Year (Jan - Dec), 2021",NA,0.23,0.396,5.39125,10,2,0,414,13.6
2021karnataka,karnataka,2021,India,29,"Calendar Year (Jan - Dec), 2021",213681,0.26,0.257,6.658666667,8,3,3.571428571,319,0
2021kerala,kerala,2021,India,32,"Calendar Year (Jan - Dec), 2021",1127480,0.42,0.169,6.067857143,3,6,5,859,577
2021madhya pradesh,madhya pradesh,2021,India,23,"Calendar Year (Jan - Dec), 2021",506107,0.4,0.376,7.8425,25,2,17.24137931,236,238.2
2021maharashtra,maharashtra,2021,India,27,"Calendar Year (Jan - Dec), 2021",539180,0.24,0.275,5.726865775,5,5,10.41666667,365,41.6
2021meghalaya,meghalaya,2021,India,17,"Calendar Year (Jan - Dec), 2021",NA,0.19,0.27,2.986666667,0,2,0,132,14.9
2021odisha,odisha,2021,India,21,"Calendar Year (Jan - Dec), 2021",NA,0.19,0.36,3.746666667,19,2,9.523809524,269,556.5
2021punjab,punjab,2021,India,3,"Calendar Year (Jan - Dec), 2021",NA,0.32,0.164,126.250942,1,3,7.692307692,550,62
2021rajasthan,rajasthan,2021,India,8,"Calendar Year (Jan - Dec), 2021",NA,0.29,0.34,20.0309596,25,1,4,201,65.5
2021tamil nadu,tamil nadu,2021,India,33,"Calendar Year (Jan - Dec), 2021",376781,0.23,0.237,4.196052632,36,2,10.25641026,555,50.6
2021tripura,tripura,2021,India,16,"Calendar Year (Jan - Dec), 2021",648142,0.24,0.263,2.65125,2,1,0,350,16
2021uttar pradesh,uttar pradesh,2021,India,9,"Calendar Year (Jan - Dec), 2021",17442,0.27,0.363,27.36526331,66,4,16.25,828,5
2021uttarakhand,uttarakhand,2021,India,5,"Calendar Year (Jan - Dec), 2021",NA,0.29,0.254,18.46615385,5,1,20,189,80.5
2021west bengal,west bengal,2021,India,19,"Calendar Year (Jan - Dec), 2021",1181923,NA,0.312,5.664545455,30,4,28.57142857,1029,376.6
2022meghalaya,meghalaya,2022,India,17,"Calendar Year (Jan - Dec), 2022",NA,0.19,0.27,16.43666667,0,2,0,132,NA
2022punjab,punjab,2022,India,3,"Calendar Year (Jan - Dec), 2022",NA,NA,0.164,135.0875362,1,3,7.692307692,550,NA
2022uttar pradesh,uttar pradesh,2022,India,9,"Calendar Year (Jan - Dec), 2022",NA,0.17,0.363,16.03275556,66,4,16.25,828,NA
